{
  "CNN": {
    "MSE": 1.4463894606602314,
    "RMSE": 1.2026593285965197,
    "MAE": 0.9550388305077508,
    "MAPE": 113.05663685309672
  },
  "Real_SNN": {
    "MSE": 0.5527179219478069,
    "RMSE": 0.7434500130794315,
    "MAE": 0.5985977767811119,
    "MAPE": 81.11937282809387
  },
  "True_Hybrid_CNN_SNN": {
    "MSE": 0.8429193500005218,
    "RMSE": 0.9181063936170588,
    "MAE": 0.706304294988541,
    "MAPE": 86.17154599214292
  },
  "Data_Info": {
    "total_samples": 4899,
    "train_samples": 4389,
    "test_samples": 488,
    "sequence_length": 22,
    "shifted_value": 14.825362034929707
  }
}