{
  "CNN": {
    "MSE": 1.3619671357584768,
    "RMSE": 1.1670334767085633,
    "MAE": 0.9000607507722563,
    "MAPE": 110.99005435647236
  },
  "Real_SNN": {
    "MSE": 0.4532401075716353,
    "RMSE": 0.6732310952203822,
    "MAE": 0.5251278596929282,
    "MAPE": 103.6849403417938
  },
  "True_Hybrid_CNN_SNN": {
    "MSE": 0.6667418123384999,
    "RMSE": 0.8165425967691459,
    "MAE": 0.6241682975931089,
    "MAPE": 88.71328919646479
  },
  "Data_Info": {
    "total_samples": 4899,
    "train_samples": 4389,
    "test_samples": 488,
    "sequence_length": 22,
    "shifted_value": 14.825362034929707
  }
}